"Cg","Datetime","Customer","Sku","Channel","qty","Amt"
"010011","2017-01-04","603165","013622","200","24","1296"
"010011","2017-01-06","115016","013622","200","1296","72057.6"
"010011","2017-01-06","603165","013622","200","48","2592"
"010011","2017-01-10","115016","013622","200","1440","80064"
"010011","2017-01-12","115016","013622","200","1584","88070.4"
"010011","2017-01-12","601001","013622","200","480","23788.8"
"010011","2017-01-17","115016","013622","200","2280","126768"
"010011","2017-01-17","601001","013622","200","600","29736"
"010011","2017-01-20","115016","013622","200","1200","66720"
"010011","2017-01-24","115016","013622","200","1440","80064"
"010011","2017-01-27","115016","013622","200","2400","133440"
"010011","2017-02-03","115016","013622","200","2400","133440"
"010011","2017-02-06","601001","013622","200","240","11894.4"
"010011","2017-02-08","115016","013622","200","1920","106752"
"010011","2017-02-09","115016","013622","200","1920","106752"
"010011","2017-02-10","603165","013622","200","72","3600"
"010011","2017-02-16","603165","013622","200","48","2544"
"010011","2017-02-17","115016","013622","200","2280","126768"
"010011","2017-02-17","601001","013622","200","240","11894.4"
"010011","2017-02-17","603165","013622","200","432","23328"
"010011","2017-02-23","115016","013622","200","3000","166800"
"010011","2017-02-23","601001","013622","200","240","11894.4"
"010011","2017-03-01","115016","013622","200","1800","100080"
"010011","2017-03-03","115016","013622","200","1440","80064"
"010011","2017-03-06","115016","013622","200","2400","133440"
"010011","2017-03-08","115016","013622","200","1920","106752"
"010011","2017-03-14","115016","013622","200","1560","86736"
"010011","2017-03-17","115016","013622","200","1080","60048"
"010011","2017-03-20","115016","013622","200","1800","100080"
"010011","2017-03-23","115016","013622","200","1080","60048"
"010011","2017-03-24","601001","013622","200","840","41412"
"010011","2017-03-24","603165","013622","200","216","11448"
"010011","2017-03-29","115016","013622","200","1440","80064"
"010011","2017-03-29","603165","013622","200","240","12720"
"010011","2017-03-30","115016","013622","200","1080","60048"
"010011","2017-03-30","603165","013622","200","240","12720"
"010011","2017-04-05","115016","013622","200","1440","80064"
"010011","2017-04-07","115016","013622","200","1560","86736"
"010011","2017-04-11","115016","013622","200","1320","73392"
"010011","2017-04-17","115016","013622","200","336","18681.6"
"010011","2017-04-17","603165","013622","200","96","4797.12"
"010011","2017-04-18","603165","013622","200","96","4797.12"
"010011","2017-04-19","601001","013622","200","600","29580"
"010011","2017-04-19","603165","013622","200","96","4797.12"
"010011","2017-04-20","603165","013622","200","96","4797.12"
"010011","2017-04-21","115016","013622","200","1680","93408"
"010011","2017-04-21","603165","013622","200","96","4797.12"
"010011","2017-04-26","115016","013622","200","1056","58713.6"
"010011","2017-04-27","603165","013622","200","96","4797.12"
"010011","2017-04-28","115016","013622","200","1320","73392"
"010011","2017-05-09","115016","013622","200","1680","93408"
"010011","2017-05-11","603165","013622","200","120","5996.4"
"010011","2017-05-12","115016","013622","200","1080","60048"
"010011","2017-05-13","601001","013622","200","240","11832"
"010011","2017-05-17","603165","013622","200","240","12720"
"010011","2017-05-18","115016","013622","200","1680","93408"
"010011","2017-05-19","115016","013622","200","1200","66720"
"010011","2017-05-20","603165","013622","200","480","23985.6"
"010011","2017-05-25","115016","013622","200","1200","66720"
"010011","2017-05-26","601001","013622","200","240","11832"
"010011","2017-05-31","115016","013622","200","2040","113424"
"010011","2017-06-07","115016","013622","200","1920","106752"
"010011","2017-06-07","603165","013622","200","192","9594.24"
"010011","2017-06-09","115016","013622","200","2160","120096"
"010011","2017-06-09","603165","013622","200","192","9594.24"
"010011","2017-06-15","115016","013622","200","1320","73392"
"010011","2017-06-15","603165","013622","200","96","4797.12"
"010011","2017-06-22","603165","013622","200","288","14391.36"
"010011","2017-06-23","601001","013622","200","240","11832"
"010011","2017-06-29","115016","013622","200","3600","200160"
"010011","2017-06-29","603165","013622","200","96","4797.12"
"010011","2017-06-30","115016","013622","200","1200","66720"
"010011","2017-07-03","601001","013622","200","240","11832"
"010011","2017-07-07","603165","013622","200","240","11992.8"
"010011","2017-07-11","601001","013622","200","240","11832"
"010011","2017-07-11","603165","013622","200","768","38376.96"
"010011","2017-07-13","115016","013622","200","2040","113424"
"010011","2017-07-13","603165","013622","200","288","14391.36"
"010011","2017-07-14","115016","013622","200","1440","80064"
"010011","2017-07-18","601001","013622","200","240","11832"
"010011","2017-07-19","603165","013622","200","288","14391.36"
"010011","2017-07-20","115016","013622","200","1560","86736"
"010011","2017-07-21","612030","013622","200","5","397.1963"
"010011","2017-07-22","603165","013622","200","480","23985.6"
"010011","2017-07-26","115016","013622","200","1440","80064"
"010011","2017-08-01","115016","013622","200","1080","60048"
"010011","2017-08-01","601001","013622","200","240","11832"
"010011","2017-08-05","603165","013622","200","240","11992.8"
"010011","2017-08-09","115016","013622","200","2760","153456"
"010011","2017-08-10","115016","013622","200","1200","66720"
"010011","2017-08-11","612030","013622","200","3","238.3178"
"010011","2017-08-14","612030","013622","200","2","158.8785"
"010011","2017-08-17","115016","013622","200","2760","153456"
"010011","2017-08-19","603165","013622","200","360","17989.2"
"010011","2017-08-22","115016","013622","200","1560","86736"
"010011","2017-08-24","601001","013622","200","240","11832"
"010011","2017-08-28","603165","013622","200","240","11992.8"
"010011","2017-08-31","115016","013622","200","1440","80064"
"010011","2017-09-05","115016","013622","200","1560","86736"
"010011","2017-09-06","601001","013622","200","480","23664"
"010011","2017-09-07","115016","013622","200","1800","100080"
"010011","2017-09-12","115016","013622","200","744","41366.4"
"010011","2017-09-12","603165","013622","200","432","21587.04"
"010011","2017-09-25","603165","013622","200","48","2398.56"
"010011","2017-09-27","115016","013622","200","1800","100080"
"010011","2017-09-29","601001","013622","200","120","5916"
"010011","2017-09-30","115016","013622","200","1920","106752"
"010011","2017-10-03","603165","013622","200","240","11992.8"
"010011","2017-10-04","612030","013622","200","1","79.4393"
"010011","2017-10-06","601001","013622","200","120","5916"
"010011","2017-10-09","603165","013622","200","360","17989.2"
"010011","2017-10-12","115016","013622","200","2880","160128"
"010011","2017-10-12","601001","013622","200","120","5916"
"010011","2017-10-14","115016","013622","200","1680","93408"
"010011","2017-10-20","115016","013622","200","2040","113424"
"010011","2017-10-21","603165","013622","200","120","5996.4"
"010011","2017-10-24","612030","013622","200","1","79.4393"
"010011","2017-10-27","115016","013622","200","1320","73392"
"010011","2017-10-27","601001","013622","200","120","5916"
"010011","2017-10-30","603165","013622","200","360","17989.2"
"010011","2017-10-31","115016","013622","200","1056","58713.6"
"010011","2017-11-03","601001","013622","200","168","8282.4"
"010011","2017-11-08","115016","013622","200","1608","89404.8"
"010011","2017-11-09","115016","013622","200","1920","106752"
"010011","2017-11-15","115016","013622","200","720","40032"
"010011","2017-11-17","115016","013622","200","1200","66720"
"010011","2017-11-20","601001","013622","200","168","8282.4"
"010011","2017-11-25","601001","013622","200","288","14198.4"
"010011","2017-11-27","603165","013622","200","408","20387.76"
"010011","2017-11-28","115016","013622","200","1680","93408"
"010011","2017-11-30","601001","013622","200","120","5916"
"010011","2017-12-06","115016","013622","200","1080","60048"
"010011","2017-12-08","603165","013622","200","408","20387.76"
"010011","2017-12-08","612030","013622","200","5","397.1963"
"010011","2017-12-11","115016","013622","200","2160","120096"
"010011","2017-12-13","612030","013622","200","3","170.0935"
"010011","2017-12-13","619433","013622","200","4","317.757"
"010011","2017-12-14","601001","013622","200","120","5916"
"010011","2017-12-18","115016","013622","200","2160","120096"
"010011","2017-12-18","612030","013622","200","4","317.757"
"010011","2017-12-23","601001","013622","200","192","9465.6"
"010011","2017-12-23","603165","013622","200","480","23985.6"
"010011","2017-12-26","115016","013622","200","5040","280224"
"010011","2017-12-27","612030","013622","200","2","158.8785"
"010011","2018-01-05","601001","013622","200","48","2366.4"
"010011","2018-01-09","603165","013622","200","432","21587.04"
"010011","2018-01-10","612030","013622","200","3","238.3178"
"010011","2018-01-11","115016","013622","200","3864","214838.4"
"010011","2018-01-12","601001","013622","200","216","10648.8"
"010011","2018-01-15","115016","013622","200","2520","140112"
"010011","2018-01-18","115016","013622","200","1320","73392"
"010011","2018-01-18","612030","013622","200","1","79.4393"
"010011","2018-01-19","603165","013622","200","432","21587.04"
"010011","2018-01-22","115016","013622","200","3000","166800"
"010011","2018-01-23","612030","013622","200","5","397.1963"
"010011","2018-01-24","115016","013622","200","1320","73392"
"010011","2018-01-25","612030","013622","200","1","79.4393"
"010011","2018-01-26","603165","013622","200","72","3597.84"
"010011","2018-01-27","603165","013622","200","384","19188.48"
"010011","2018-01-29","603165","013622","200","216","10793.52"
"010011","2018-01-31","115016","013622","200","3120","173472"
"010011","2018-02-01","603165","013622","200","48","2398.56"
"010011","2018-02-02","603165","013622","200","120","5996.4"
"010011","2018-02-03","601001","013622","200","192","9465.6"
"010011","2018-02-03","603165","013622","200","48","2398.56"
"010011","2018-02-08","115016","013622","200","3840","213504"
"010011","2018-02-08","612030","013622","200","5","377.3364"
"010011","2018-02-15","115016","013622","200","3120","173472"
"010011","2018-02-15","603165","013622","200","408","20387.76"
"010011","2018-02-15","619433","013622","200","2","158.8411"
"010011","2018-02-21","603165","013622","200","240","11992.8"
"010011","2018-02-22","612030","013622","200","2","158.8785"
"010011","2018-02-23","619433","013622","200","1","79.4393"
"010011","2018-02-24","115016","013622","200","1560","86736"
"010011","2018-02-24","601001","013622","200","240","11832"
"010011","2018-02-24","603165","013622","200","120","5996.4"
"010011","2018-02-27","601001","013622","200","120","5916"
"010011","2018-03-03","603165","013622","200","96","4797.12"
"010011","2018-03-05","115016","013622","200","4680","260208"
"010011","2018-03-06","601001","013622","200","240","11832"
"010011","2018-03-06","603165","013622","200","552","27583.44"
"010011","2018-03-07","603165","013622","200","24","1199.28"
"010011","2018-03-08","601001","013622","200","240","11832"
"010011","2018-03-08","612030","013622","200","2","158.8785"
"010011","2018-03-09","115016","013622","200","3480","193488"
"010011","2018-03-09","603165","013622","200","144","7195.68"
"010011","2018-03-12","115016","013622","200","1560","86736"
"010011","2018-03-14","603165","013622","200","552","27583.44"
"010011","2018-03-15","603165","013622","200","504","25184.88"
"010011","2018-03-24","601001","013622","200","240","11832"
"010011","2018-03-28","115016","013622","200","4320","240192"
"010011","2018-03-30","115016","013622","200","8712","484387.2"
"010011","2018-03-31","603165","013622","200","480","23985.6"
"010011","2018-04-05","603165","013622","200","2112","105536.64"
"010011","2018-04-06","601001","013622","200","120","5916"
"010011","2018-04-11","115016","013622","200","1008","56044.8"
"010011","2018-04-12","115016","013622","200","960","53376"
"010011","2018-04-17","115016","013622","200","5040","280224"
"010011","2018-04-20","612030","013622","200","2","158.8785"
"010011","2018-04-25","603165","013622","200","1152","57565.44"
"010011","2018-04-27","115016","013622","200","2232","124099.2"
"010011","2018-04-27","601001","013622","200","192","9465.6"
"010011","2018-04-28","612030","013622","200","3","238.3178"
"010011","2018-05-03","612030","013622","200","5","397.1963"
"010011","2018-05-04","601001","013622","200","120","5916"
"010011","2018-05-04","619433","013622","200","1","79.4393"
"010011","2018-05-07","115016","013622","200","1920","106752"
"010011","2018-05-07","619433","013622","200","1","78.3926"
"010011","2018-05-09","612030","013622","200","2","158.8785"
"010011","2018-05-10","601001","013622","200","240","11832"
"010011","2018-05-11","115016","013622","200","2640","146784"
"010011","2018-05-15","115016","013622","200","1224","68054.4"
"010011","2018-05-16","603165","013622","200","1176","58764.72"
"010011","2018-05-17","612030","013622","200","1","79.4393"
"010011","2018-05-18","601001","013622","200","120","5916"
"010011","2018-05-19","115016","013622","200","720","40032"
"010011","2018-05-22","601001","013622","200","120","5916"
"010011","2018-05-25","612030","013622","200","2","158.8785"
"010011","2018-05-31","115016","013622","200","24","1334.4"
"010011","2018-06-01","115016","013622","200","24","1334.4"
"010011","2018-06-01","612030","013622","200","3","227.1028"
"010011","2018-06-05","612030","013622","200","2","151.4019"
"010011","2018-06-06","115016","013622","200","2448","136108.8"
"010011","2018-06-07","115016","013622","200","2280","126768"
"010011","2018-06-11","612030","013622","200","3","238.3178"
"010011","2018-06-12","603165","013622","200","1152","57565.44"
"010011","2018-06-13","115016","013622","200","2880","160128"
"010011","2018-06-15","612030","013622","200","14","1042.9906"
"010011","2018-06-18","115016","013622","200","1200","66720"
"010011","2018-06-22","115016","013622","200","1080","60048"
"010011","2018-06-22","612030","013622","200","4","291.5888"
"010011","2018-06-30","603165","013622","200","24","1199.28"
"010011","2018-07-05","603165","013622","200","96","4797.12"
"010011","2018-07-12","115016","013622","200","2400","133440"
"010011","2018-07-21","603165","013622","200","1128","56366.16"
"010011","2018-07-25","603165","013622","200","48","2398.56"
"010011","2018-07-30","603165","013622","200","1368","68358.95999999999"
"010011","2018-08-03","115016","013622","200","2040","113424"
"010011","2018-08-08","612030","013622","200","12","897.1963"
"010011","2018-08-17","115016","013622","200","6000","333600"
"010011","2018-08-21","612030","013622","200","12","897.1963"
"010011","2018-08-29","612030","013622","200","24","1704.6729"
"010011","2018-09-04","115016","013622","200","2760","153456"
"010011","2018-09-08","619433","013622","200","1","78.8972"
"010011","2018-09-12","612030","013622","200","12","897.1962"
"010011","2018-09-14","115016","013622","200","3600","200160"
"010011","2018-09-28","115016","013622","200","4032","224179.2"
"010011","2018-09-29","612030","013622","200","1","75.7009"
"010011","2018-10-08","612030","013622","200","12","897.1963"
"010011","2018-10-09","115016","013622","200","1104","61382.4"
"010011","2018-10-11","115016","013622","200","1128","62716.8"
"010011","2018-10-12","603165","013622","200","528","26384.16"
"010011","2018-10-19","115016","013622","200","2880","160128"
"010011","2018-10-27","601001","013622","200","120","6302.4"
"010011","2018-11-01","115016","013622","200","4200","233520"
"010011","2018-11-01","603165","013622","200","672","33579.84"
"010011","2018-11-07","115016","013622","200","4800","266880"
"010011","2018-11-07","603165","013622","200","192","9594.24"
"010011","2018-11-08","601001","013622","200","240","12604.8"
"010011","2018-11-09","603165","013622","200","72","3597.84"
"010011","2018-11-16","603165","013622","200","240","11992.8"
"010011","2018-11-17","603165","013622","200","264","13192.08"
"010011","2018-11-20","115016","013622","200","2400","133440"
"010011","2018-11-20","603165","013622","200","72","3597.84"
"010011","2018-11-22","115016","013622","200","1464","81398.4"
"010011","2018-11-22","603165","013622","200","264","13192.08"
"010011","2018-11-24","603165","013622","200","96","4797.12"
"010011","2018-11-27","115016","013622","200","504","28022.4"
"010011","2018-11-27","603165","013622","200","216","10793.52"
"010011","2018-11-29","603165","013622","200","120","5996.4"
"010011","2018-12-03","603165","013622","200","168","8394.96"
"010011","2018-12-04","603165","013622","200","192","9594.24"
"010011","2018-12-04","612030","013622","200","8","635.52"
"010011","2018-12-06","115016","013622","200","3120","173472"
"010011","2018-12-08","612030","013622","200","1","79.44"
"010011","2018-12-10","612030","013622","200","1","67.29"
"010011","2018-12-10","619433","013622","200","3","280.37"
"010011","2018-12-11","603165","013622","200","216","10793.52"
"010011","2018-12-11","612030","013622","200","12","897.2"
"010011","2018-12-13","603165","013622","200","24","1199.28"
"010011","2018-12-13","612030","013622","200","13","964.49"
"010011","2018-12-14","115016","013622","200","2520","140112"
"010011","2018-12-17","612030","013622","200","1","79.44"
"010011","2018-12-18","603165","013622","200","192","9594.24"
"010011","2018-12-19","115016","013622","200","1584","88070.4"
"010011","2018-12-20","115016","013622","200","792","44035.2"
"010011","2018-12-20","619433","013622","200","2","186.92"
"010011","2018-12-21","612030","013622","200","4","302.8"
"010011","2018-12-22","603165","013622","200","192","9594.24"
"010011","2018-12-26","601001","013622","200","120","6302.4"
"010011","2018-12-27","115016","013622","200","1368","76060.8"
"010011","2018-12-27","612030","013622","200","47","3488.7999999999997"
"010011","2019-01-03","612030","013622","200","4","317.76"
"010011","2019-01-04","115016","013622","200","936","52041.6"
"010011","2019-01-04","612030","013622","200","12","897.2"
"010011","2019-01-08","612030","013622","200","26","2009.36"
"010011","2019-01-10","115016","013622","200","2640","146784"
"010011","2019-01-14","115016","013622","200","2400","133440"
"010011","2019-01-17","115016","013622","200","1800","100080"
"010011","2019-01-17","612030","013622","200","3","227.1"
"010011","2019-01-18","115016","013622","200","816","45369.6"
"010011","2019-01-18","612030","013622","200","3","227.1"
"010011","2019-01-21","612030","013622","200","2","151.4"
"010011","2019-01-23","612030","013622","200","12","852.34"
"010011","2019-01-24","115016","013622","200","3336","185481.6"
"010011","2019-01-30","603165","013622","200","480","23985.6"
"010011","2019-01-31","115016","013622","200","3360","186816"
"010011","2019-01-31","612030","013622","200","1","79.44"
"010011","2019-02-01","603165","013622","200","144","7195.68"
"010011","2019-02-02","619433","013622","200","2","186.92"
"010011","2019-02-04","612030","013622","200","1","79.44"
"010011","2019-02-06","612030","013622","200","3","238.32"
"010011","2019-02-09","603165","013622","200","144","7195.68"
"010011","2019-02-12","603165","013622","200","672","33579.84"
"010011","2019-02-14","115016","013622","200","1200","66720"
"010011","2019-02-18","612030","013622","200","1","79.44"
"010011","2019-02-22","619433","013622","200","1","93.46"
"010011","2019-02-23","115016","013622","200","1584","88070.4"
"010011","2019-02-25","603165","013622","200","48","2398.56"
"010011","2019-02-26","619433","013622","200","1","93.46"
"010011","2019-02-27","603165","013622","200","24","1199.28"
"010011","2019-02-28","115016","013622","200","2400","133440"
"010011","2019-02-28","603165","013622","200","216","10793.52"
"010011","2019-03-05","612030","013622","200","1","79.44"
"010011","2019-03-08","603165","013622","200","432","21587.04"
"010011","2019-03-09","612030","013622","200","2","158.88"
"010011","2019-03-11","612030","013622","200","3","238.32"
"010011","2019-03-13","115016","013622","200","2400","133440"
"010011","2019-03-13","603165","013622","200","216","10793.52"
"010011","2019-03-13","612030","013622","200","4","317.76"
"010011","2019-03-15","601001","013622","200","240","12000"
"010011","2019-03-15","619433","013622","200","3","280.37"
"010011","2019-03-18","603165","013622","200","168","8394.96"
"010011","2019-03-22","612030","013622","200","2","158.88"
"010011","2019-03-22","619433","013622","200","6","560.75"
"010011","2019-03-27","601001","013622","200","96","4800"
"010011","2019-03-27","612030","013622","200","14","1037.39"
"010011","2019-03-28","115016","013622","200","2832","157459.2"
"010011","2019-03-28","612030","013622","200","13","859.8100000000001"
"010011","2019-03-29","612030","013622","200","12","897.2"
"010011","2019-04-01","115016","013622","200","2400","133440"
"010011","2019-04-01","612030","013622","200","12","897.2"
"010011","2019-04-03","603165","013622","200","648","32380.56"
"010011","2019-04-04","612030","013622","200","3","238.32"
"010011","2019-04-06","601001","013622","200","264","13200"
"010011","2019-04-06","603165","013622","200","384","19188.48"
"010011","2019-04-10","612030","013622","200","12","897.2"
"010011","2019-04-11","115016","013622","200","3600","200160"
"010011","2019-04-17","612030","013622","200","3","238.32"
"010011","2019-04-18","115016","013622","200","3576","198825.6"
"010011","2019-04-18","612030","013622","200","12","897.2"
"010011","2019-04-19","603165","013622","200","456","22786.32"
"010011","2019-04-20","601001","013622","200","288","14400"
"010011","2019-04-25","612030","013622","200","3","224.3"
"010011","2019-04-25","619433","013622","200","3","280.37"
"010011","2019-04-26","603165","013622","200","336","16789.92"
"010011","2019-04-27","612030","013622","200","16","1142.06"
"010011","2019-05-03","603165","013622","200","744","37177.68"
"010011","2019-05-14","612030","013622","200","18","1366.3600000000001"
"010011","2019-05-14","619433","013622","200","1","65.42"
"010011","2019-05-15","612030","013622","200","48","2727.48"
"010011","2019-05-20","612030","013622","200","1","79.44"
"010011","2019-05-21","603165","013622","200","312","15590.64"
"010011","2019-05-21","612030","013622","200","12","852.34"
"010011","2019-05-22","603165","013622","200","240","11992.8"
"010011","2019-05-23","601001","013622","200","120","6000"
"010011","2019-05-27","603165","013622","200","648","32380.56"
"010011","2019-05-28","601001","013622","200","72","3600"
"010011","2019-05-28","612030","013622","200","12","897.2"
"010011","2019-05-30","612030","013622","200","3","201.87"
"010011","2019-05-31","115016","013622","200","264","14678.4"
"010011","2019-06-01","603165","013622","200","552","27583.44"
"010011","2019-06-05","603165","013622","200","120","5996.4"
"010011","2019-06-05","612030","013622","200","12","897.2"
"010011","2019-06-06","601001","013622","200","24","1200"
"010011","2019-06-06","612030","013622","200","4","317.76"
"010011","2019-06-07","612030","013622","200","1","79.44"
"010011","2019-06-11","612030","013622","200","2","158.88"
"010011","2019-06-14","601001","013622","200","48","2400"
"010011","2019-06-14","603165","013622","200","408","20387.76"
"010011","2019-06-14","612030","013622","200","2","158.88"
"010011","2019-06-18","612030","013622","200","1","72.9"
"010011","2019-06-19","601001","013622","200","120","6000"
"010011","2019-06-19","612030","013622","200","12","660.18"
"010011","2019-06-20","603165","013622","200","192","9594.24"
"010011","2019-06-20","612030","013622","200","12","825.23"
"010011","2019-06-22","603165","013622","200","528","26384.16"
"010011","2019-06-24","612030","013622","200","12","852.33"
"010011","2019-06-25","115016","013622","200","1488","82732.8"
"010011","2019-06-25","612030","013622","200","2","158.88"
"010011","2019-06-27","603165","013622","200","384","19188.48"
"010011","2019-06-28","115016","013622","200","504","28022.4"
"010011","2019-06-28","612030","013622","200","12","762.62"
"010011","2019-06-29","612030","013622","200","1","79.44"
"010011","2019-07-01","612030","013622","200","36","2153.27"
"010011","2019-07-03","115016","013622","200","1272","70723.2"
"010011","2019-07-04","612030","013622","200","5","397.2"
"010011","2019-07-05","601001","013622","200","48","2315.52"
"010011","2019-07-05","603165","013622","200","528","26384.16"
"010011","2019-07-06","612030","013622","200","4","317.76"
"010011","2019-07-08","115016","013622","200","1200","66720"
"010011","2019-07-09","603165","013622","200","672","33579.84"
"010011","2019-07-09","612030","013622","200","3","238.32"
"010011","2019-07-10","612030","013622","200","60","3588.79"
"010011","2019-07-11","612030","013622","200","60","3588.79"
"010011","2019-07-12","601001","013622","200","48","2315.52"
"010011","2019-07-13","612030","013622","200","24","993.27"
"010011","2019-07-13","619433","013622","200","5","287.85"
"010011","2019-07-15","612030","013622","200","29","2086.92"
"010011","2019-07-16","612030","013622","200","12","736.69"
"010011","2019-07-17","115016","013622","200","1440","80064"
"010011","2019-07-17","612030","013622","200","1","75.7"
"010011","2019-07-19","601001","013622","200","24","1157.76"
"010011","2019-07-19","619433","013622","200","12","810.05"
"010011","2019-07-23","601001","013622","200","120","5788.8"
"010011","2019-07-30","603165","013622","200","408","20387.76"
"010011","2019-07-30","612030","013622","200","3","227.1"
"010011","2019-07-31","612030","013622","200","6","454.21"
"010011","2019-08-01","115016","013622","200","864","48038.4"
"010011","2019-08-02","601001","013622","200","120","5788.8"
"010011","2019-08-02","603165","013622","200","288","14391.36"
"010011","2019-08-02","612030","013622","200","6","454.21"
"010011","2019-08-03","601001","013622","200","72","3473.28"
"010011","2019-08-05","612030","013622","200","3","227.10000000000002"
"010011","2019-08-06","603165","013622","200","48","2398.56"
"010011","2019-08-06","612030","013622","200","37","2163.9300000000003"
"010011","2019-08-07","612030","013622","200","2","151.4"
"010011","2019-08-07","619433","013622","200","2","151.4"
"010011","2019-08-08","115016","013622","200","2016","112089.6"
"010011","2019-08-09","612030","013622","200","1","75.7"
"010011","2019-08-13","619433","013622","200","24","1291.96"
"010011","2019-08-14","612030","013622","200","3","227.1"
"010011","2019-08-15","115016","013622","200","1248","69388.8"
"010011","2019-08-16","603165","013622","200","504","25184.88"
"010011","2019-08-20","619433","013622","200","3","190.65"
"010011","2019-08-24","612030","013622","200","12","897.2"
"010011","2019-08-27","601001","013622","200","96","4631.04"
"010011","2019-08-27","612030","013622","200","36","2153.27"
"010011","2019-08-29","603165","013622","200","672","33579.84"
"010011","2019-08-29","619433","013622","200","2","122.61"
"010011","2019-08-31","115016","013622","200","2640","146784"
"010011","2019-09-03","601001","013622","200","96","4631.04"
"010011","2019-09-03","612030","013622","200","13","800.19"
"010011","2019-09-04","603165","013622","200","408","20387.76"
"010011","2019-09-05","612030","013622","200","1","79.44"
"010011","2019-09-06","601001","013622","200","120","5788.8"
"010011","2019-09-06","612030","013622","200","12","897.2"
"010011","2019-09-09","115016","013622","200","1296","72057.6"
"010011","2019-09-09","612030","013622","200","13","672.06"
"010011","2019-09-10","612030","013622","200","3","196.26"
"010011","2019-09-12","115016","013622","200","1560","86736"
"010011","2019-09-12","612030","013622","200","24","1614.95"
"010011","2019-09-13","601001","013622","200","72","3473.28"
"010011","2019-09-13","603165","013622","200","432","21587.04"
"010011","2019-09-13","612030","013622","200","4","317.76"
"010011","2019-09-18","612030","013622","200","3","238.32"
"010011","2019-09-19","115016","013622","200","1152","64051.2"
"010011","2019-09-20","612030","013622","200","12","953.27"
"010011","2019-09-26","612030","013622","200","1","79.44"
"010011","2019-09-26","619433","013622","200","3","238.32"
"010011","2019-09-27","601001","013622","200","120","5788.8"
"010011","2019-09-28","619433","013622","200","5","138.32"
"010011","2019-09-30","612030","013622","200","2","158.88"
"010011","2019-10-02","601001","013622","200","48","2315.52"
"010011","2019-10-02","612030","013622","200","36","2153.27"
"010011","2019-10-04","115016","013622","200","1896","105417.6"
"010011","2019-10-04","612030","013622","200","1","79.44"
"010011","2019-10-07","612030","013622","200","1","75.7"
"010011","2019-10-09","612030","013622","200","12","717.76"
"010011","2019-10-10","612030","013622","200","12","717.76"
"010011","2019-10-12","601001","013622","200","72","3473.28"
"010011","2019-10-12","603165","013622","200","864","43174.08"
"010011","2019-10-15","612030","013622","200","13","1032.71"
"010011","2019-10-16","115016","013622","200","1728","96076.8"
"010011","2019-10-18","619433","013622","200","1","79.44"
"010011","2019-10-21","612030","013622","200","12","897.2"
"010011","2019-10-22","603165","013622","200","72","3597.84"
"010011","2019-10-25","115016","013622","200","1464","81398.4"
"010011","2019-10-25","612030","013622","200","12","717.77"
"010011","2019-10-26","601001","013622","200","192","9262.08"
"010011","2019-10-26","603165","013622","200","1152","57565.44"
"010011","2019-10-28","619433","013622","200","5","342.05"
"010011","2019-10-30","612030","013622","200","1","79.44"
"010011","2019-10-31","115016","013622","200","720","40032"
"010011","2019-10-31","603165","013622","200","600","29982"
"010011","2019-11-01","612030","013622","200","12","897.2"
"010011","2019-11-04","612030","013622","200","6","428.97"
"010011","2019-11-07","603165","013622","200","792","39576.24"
"010011","2019-11-07","612030","013622","200","24","1794.39"
"010011","2019-11-12","612030","013622","200","17","1046.73"
"010011","2019-11-13","115016","013622","200","3864","214838.40000000002"
"010011","2019-11-13","612030","013622","200","25","1265.06"
"010011","2019-11-13","619433","013622","200","6","225.2"
"010011","2019-11-14","612030","013622","200","14","853.27"
"010011","2019-11-14","619433","013622","200","1","38.89"
"010011","2019-11-15","612030","013622","200","12","695.33"
"010011","2019-11-15","619433","013622","200","1","40.6"
"010011","2019-11-16","115016","013622","200","768","42700.8"
"010011","2019-11-18","612030","013622","200","5","397.2"
"010011","2019-11-22","612030","013622","200","10","714.95"
"010011","2019-11-24","612030","013622","200","5","397.2"
"010011","2019-11-25","603165","013622","200","1080","53967.6"
"010011","2019-11-28","115016","013622","200","792","44035.2"
"010011","2019-11-30","619433","013622","200","6","448.6"
"010011","2019-12-03","115016","013622","200","672","37363.2"
"010011","2019-12-04","612030","013622","200","12","897.2"
"010011","2019-12-04","619433","013622","200","10","561.6899999999999"
"010011","2019-12-09","115016","013622","200","456","25353.6"
"010011","2019-12-10","115016","013622","200","1032","57379.2"
"010011","2019-12-11","612030","013622","200","1","79.44"
"010011","2019-12-12","115016","013622","200","816","45369.6"
"010011","2019-12-12","603165","013622","200","936","46771.92"
"010011","2019-12-12","612030","013622","200","4","257.95"
"010011","2019-12-16","612030","013622","200","5","322.43"
"010011","2019-12-19","612030","013622","200","24","1278.5"
"010011","2019-12-20","612030","013622","200","1","79.44"
"010011","2019-12-21","115016","013622","200","1296","72057.6"
"010011","2019-12-21","612030","013622","200","3","238.32"
"010011","2019-12-23","115016","013622","200","1056","58713.6"
"010011","2019-12-25","601001","013622","200","240","11577.6"
"010011","2019-12-28","115016","013622","200","1128","62716.8"
"010011","2020-01-02","603165","013622","200","480","23985.6"
"010011","2020-01-06","619433","013622","200","1","64.8"
"010011","2020-01-08","603165","013622","200","768","38376.96"
"010011","2020-01-09","115016","013622","200","960","53376"
"010011","2020-01-09","612030","013622","200","26","1921.49"
"010011","2020-01-10","115016","013622","200","1200","66720"
"010011","2020-01-17","115016","013622","200","360","20016"
"010011","2020-01-18","115016","013622","200","2448","136108.8"
"010011","2020-01-18","601001","013622","200","120","6000"
"010011","2020-01-20","612030","013622","200","2","158.88"
"010011","2020-01-21","603165","013622","200","888","44373.36"
"010011","2020-01-24","115016","013622","200","1368","76060.8"
"010011","2020-01-27","115016","013622","200","2256","125433.6"
"010011","2020-01-27","612030","013622","200","4","285.98"
"010011","2020-01-28","612030","013622","200","12","767.1"
"010011","2020-01-31","601001","013622","200","120","6000"
"010011","2020-01-31","619433","013622","200","3","172.53"
"010011","2020-02-03","612030","013622","200","12","717.76"
"010011","2020-02-05","601001","013622","200","960","48000"
"010011","2020-02-05","612030","013622","200","24","1704.67"
"010011","2020-02-06","603165","013622","200","840","41974.8"
"010011","2020-02-07","612030","013622","200","4","256.07"
"010011","2020-02-10","612030","013622","200","6","403.74"
"010011","2020-02-11","115016","013622","200","4128","229516.8"
"010011","2020-02-11","612030","013622","200","12","897.2"
"010011","2020-02-11","619433","013622","200","1","64.29"
"010011","2020-02-12","619433","013622","200","12","681.47"
"010011","2020-02-13","601001","013622","200","360","18000"
"010011","2020-02-14","603165","013622","200","1152","57565.44"
"010011","2020-02-18","612030","013622","200","12","897.2"
"010011","2020-02-19","603165","013622","200","816","40775.52"
"010011","2020-02-20","601001","013622","200","240","12000"
"010011","2020-02-24","619433","013622","200","3","201.87"
"010011","2020-02-27","601001","013622","200","240","12000"
"010011","2020-02-28","603165","013622","200","48","2398.56"
"010011","2020-03-02","619433","013622","200","3","238.32"
"010011","2020-03-03","603165","013622","200","1104","55166.88"
"010011","2020-03-05","612030","013622","200","24","1614.96"
"010011","2020-03-06","603165","013622","200","1344","67159.68"
"010011","2020-03-07","115016","013622","200","2664","148118.4"
"010011","2020-03-09","612030","013622","200","1","79.44"
"010011","2020-03-09","619433","013622","200","12","717.71"
"010011","2020-03-12","115016","013622","200","2664","148118.4"
"010011","2020-03-14","603165","013622","200","240","11992.8"
"010011","2020-03-14","612030","013622","200","12","897.2"
"010011","2020-03-17","612030","013622","200","12","897.2"
"010011","2020-03-20","612030","013622","200","24","1435.51"
"010011","2020-03-24","612030","013622","200","12","897.2"
"010011","2020-03-27","612030","013622","200","36","1794.39"
"010011","2020-03-31","612030","013622","200","17","926.84"
"010011","2020-04-03","115016","013622","200","3840","213504"
"010011","2020-04-03","612030","013622","200","6","426.16999999999996"
"010011","2020-04-06","619433","013622","200","6","408.35"
"010011","2020-04-14","619433","013622","200","1","75.7"
"010011","2020-04-15","612030","013622","200","12","807.48"
"010011","2020-04-15","619433","013622","200","18","921.8499999999999"
"010011","2020-04-16","619433","013622","200","22","1353.28"
"010011","2020-04-17","612030","013622","200","2","145.79"
"010011","2020-04-19","619433","013622","200","1","48.35"
"010011","2020-04-20","612030","013622","200","12","869.16"
"010011","2020-04-21","603165","013622","200","480","23985.6"
"010011","2020-04-22","612030","013622","200","24","1704.68"
"010011","2020-04-25","603165","013622","200","480","23985.6"
"010011","2020-04-26","619433","013622","200","12","724.49"
"010011","2020-04-27","619433","013622","200","8","542.06"
"010011","2020-04-28","612030","013622","200","13","788.79"
"010011","2020-04-29","612030","013622","200","12","667.22"
"010011","2020-04-30","612030","013622","200","74","4958.88"
"010011","2020-05-02","619433","013622","200","1","68.06"
"010011","2020-05-04","603165","013622","200","480","23985.6"
"010011","2020-05-04","619433","013622","200","1","75.7"
"010011","2020-05-09","612030","013622","200","3","238.32"
"010011","2020-05-11","619433","013622","200","1","79.44"
"010011","2020-05-12","619433","013622","200","2","150.25"
"010011","2020-05-13","612030","013622","200","12","897.2"
"010011","2020-05-13","619433","013622","200","2","84.13"
"010011","2020-05-14","612030","013622","200","12","897.2"
"010011","2020-05-15","603165","013622","200","720","35978.4"
"010011","2020-05-15","612030","013622","200","12","878.73"
"010011","2020-05-16","612030","013622","200","12","717.76"
"010011","2020-05-16","619433","013622","200","2","127.07"
"010011","2020-05-18","115016","013622","200","960","53376"
"010011","2020-05-18","612030","013622","200","1","79.44"
"010011","2020-05-19","115016","013622","200","24","1334.4"
"010011","2020-05-20","612030","013622","200","10","714.95"
"010011","2020-05-21","115016","013622","200","624","34694.4"
"010011","2020-05-22","603165","013622","200","480","23985.6"
"010011","2020-05-22","612030","013622","200","12","897.2"
"010011","2020-05-23","612030","013622","200","12","897.2"
"010011","2020-05-25","115016","013622","200","288","16012.8"
"010011","2020-05-25","612030","013622","200","1","73.07"
"010011","2020-05-28","612030","013622","200","24","1794.39"
"010011","2020-05-28","619433","013622","200","12","609.35"
"010011","2020-06-01","619433","013622","200","16","656.48"
"010011","2020-06-02","603165","013622","200","240","11992.8"
"010011","2020-06-02","619433","013622","200","1","70.44"
"010011","2020-06-04","115016","013622","200","576","32025.600000000002"
"010011","2020-06-04","619433","013622","200","48","1856.0499999999997"
"010011","2020-06-06","619433","013622","200","8","332.24"
"010011","2020-06-09","115016","013622","200","24","1334.4"
"010011","2020-06-10","603165","013622","200","480","23985.6"
"010011","2020-06-12","115016","013622","200","384","21350.4"
"010011","2020-06-12","612030","013622","200","1","79.44"
"010011","2020-06-13","115016","013622","200","504","28022.4"
"010011","2020-06-13","612030","013622","200","12","717.76"
"010011","2020-06-15","115016","013622","200","264","14678.4"
"010011","2020-06-15","603165","013622","200","480","23985.6"
"010011","2020-06-15","612030","013622","200","18","1099.07"
"010011","2020-06-15","619433","013622","200","1","51.41"
"010011","2020-06-18","115016","013622","200","312","17347.2"
"010011","2020-06-20","619433","013622","200","4","152.53"
"010011","2020-06-21","115016","013622","200","480","26688"
"010011","2020-06-22","612030","013622","200","4","222.06"
"010011","2020-06-30","612030","013622","200","24","1650.47"
"010011","2020-07-02","115016","013622","200","1296","72057.6"
"010011","2020-07-03","601001","013622","200","240","12000"
"010011","2020-07-09","115016","013622","200","1032","57379.2"
"010011","2020-07-10","612030","013622","200","4","254.21"
"010011","2020-07-13","619433","013622","200","9","519.9"
"010011","2020-07-14","619433","013622","200","2","144.7"
"010011","2020-07-15","601001","013622","200","96","4800"
"010011","2020-07-16","601001","013622","200","48","2400"
"010011","2020-07-18","619433","013622","200","12","717.6"
"010011","2020-07-23","612030","013622","200","24","1618.21"
"010011","2020-07-27","115016","013622","200","1056","58713.6"
"010011","2020-07-30","619433","013622","200","1","65.07"
"010011","2020-07-31","603165","013622","200","1104","55166.88"
"010011","2020-08-01","619433","013622","200","12","681.31"
"010011","2020-08-03","619433","013622","200","12","807.48"
"010011","2020-08-04","115016","013622","200","552","30691.2"
"010011","2020-08-04","619433","013622","200","1","61.44"
"010011","2020-08-08","619433","013622","200","40","2482.58"
"010011","2020-08-09","612030","013622","200","2","121.12"
"010011","2020-08-09","619433","013622","200","2","120.41"
"010011","2020-08-10","603165","013622","200","480","23985.6"
"010011","2020-08-14","619433","013622","200","4","317.76"
"010011","2020-08-17","612030","013622","200","9","675.24"
"010011","2020-08-19","612030","013622","200","12","883.18"
"010011","2020-08-20","601001","013622","200","120","6000"
"010011","2020-08-21","115016","013622","200","1752","97411.2"
"010011","2020-08-22","115016","013622","200","1848","102748.8"
"010011","2020-08-24","612030","013622","200","18","1143.93"
"010011","2020-08-25","612030","013622","200","12","610.1"
"010011","2020-08-27","619433","013622","200","5","301.92"
"010011","2020-08-28","601001","013622","200","120","6000"
"010011","2020-09-01","612030","013622","200","10","728.97"
"010011","2020-09-02","601001","013622","200","120","6000"
"010011","2020-09-02","612030","013622","200","24","1794.39"
"010011","2020-09-03","619433","013622","200","12","724.3"
"010011","2020-09-07","603165","013622","200","624","31181.28"
"010011","2020-09-10","612030","013622","200","60","2975.7"
"010011","2020-09-10","619433","013622","200","1","51.5"
"010011","2020-09-13","619433","013622","200","5","248.16"
"010011","2020-09-15","603165","013622","200","528","26384.16"
"010011","2020-09-15","619433","013622","200","1","69.16"
"010011","2020-09-17","619433","013622","200","1","69.16"
"010011","2020-09-18","115016","013622","200","1008","56044.8"
"010011","2020-09-25","115016","013622","200","1032","57379.2"
"010011","2020-09-25","603165","013622","200","360","17989.2"
"010011","2020-09-25","619433","013622","200","5","304.56"
"010011","2020-09-30","619433","013622","200","24","1614.95"
"010011","2020-10-01","612030","013622","200","15","1135.51"
"010011","2020-10-02","612030","013622","200","1","79.44"
"010011","2020-10-02","619433","013622","200","4","270.59000000000003"
"010011","2020-10-08","115016","013622","200","3600","200160"
"010011","2020-10-09","603165","013622","200","408","20387.76"
"010011","2020-10-10","612030","013622","200","24","1143.93"
"010011","2020-10-12","619433","013622","200","24","1220.01"
"010011","2020-10-19","612030","013622","200","24","1298.82"
"010011","2020-10-22","619433","013622","200","1","75.71"
"010011","2020-10-26","603165","013622","200","312","15590.64"
"010011","2020-10-27","619433","013622","200","6","326.94"
"010011","2020-10-28","619433","013622","200","12","852.34"
"010011","2020-10-29","619433","013622","200","12","852.34"
"010011","2020-10-30","612030","013622","200","12","767.1"
"010011","2020-11-02","619433","013622","200","4","244.85"
"010011","2020-11-03","612030","013622","200","24","1794.39"
"010011","2020-11-04","603165","013622","200","312","15590.64"
"010011","2020-11-04","619433","013622","200","2","151.4"
"010011","2020-11-06","619433","013622","200","12","690.35"
"010011","2020-11-07","115016","013622","200","1608","89404.8"
"010011","2020-11-07","619433","013622","200","1","75.7"
"010011","2020-11-11","603165","013622","200","432","21587.04"
"010011","2020-11-11","619433","013622","200","16","1061.6799999999998"
"010011","2020-11-12","612030","013622","200","60","3719.6299999999997"
"010011","2020-11-13","612030","013622","200","12","743.93"
"010011","2020-11-14","619433","013622","200","15","971.96"
"010011","2020-11-18","603165","013622","200","480","23985.6"
"010011","2020-11-18","619433","013622","200","2","158.88"
"010011","2020-11-20","115016","013622","200","1464","81398.4"
"010011","2020-11-20","619433","013622","200","5","397.2"
"010011","2020-11-24","603165","013622","200","240","11992.8"
"010011","2020-11-25","619433","013622","200","12","852.34"
"010011","2020-11-28","619433","013622","200","1","75.7"
"010011","2020-11-30","619433","013622","200","12","852.34"
"010011","2020-12-02","619433","013622","200","3","238.32"
"010011","2020-12-03","115016","013622","200","1008","56044.8"
"010011","2020-12-04","612030","013622","200","12","852.34"
"010011","2020-12-07","603165","013622","200","360","17989.2"
"010011","2020-12-09","619433","013622","200","3","227.1"
"010011","2020-12-10","115016","013622","200","1776","98745.6"
"010011","2020-12-10","603165","013622","200","552","27583.44"
"010011","2020-12-12","601001","013622","200","120","6000"
"010011","2020-12-13","612030","013622","200","37","2245.7999999999997"
"010011","2020-12-13","619433","013622","200","5","331.78"
"010011","2020-12-14","601001","013622","200","840","42000"
"010011","2020-12-14","619433","013622","200","24","1191.59"
"010011","2020-12-15","612030","013622","200","18","1194.39"
"010011","2020-12-16","612030","013622","200","12","743.93"
"010011","2020-12-16","619433","013622","200","12","744.86"
"010011","2020-12-19","603165","013622","200","240","11992.8"
"010011","2020-12-24","619433","013622","200","6","428.98"
"010011","2020-12-25","603165","013622","200","240","11992.8"
"010011","2020-12-26","115016","013622","200","1896","105417.6"
"010011","2020-12-28","612030","013622","200","2","158.88"
"010011","2021-01-05","603165","013622","200","240","11992.8"
"010011","2021-01-05","619433","013622","200","13","976.6400000000001"
"010011","2021-01-06","619433","013622","200","24","1794.39"
"010011","2021-01-07","612030","013622","200","12","717.75"
"010011","2021-01-08","603165","013622","200","480","24912"
"010011","2021-01-08","619433","013622","200","2","137.01"
"010011","2021-01-09","115016","013622","200","3168","176140.8"
"010011","2021-01-09","601001","013622","200","120","6000"
"010011","2021-01-09","612030","013622","200","24","1435.51"
"010011","2021-01-09","619433","013622","200","1","65"
"010011","2021-01-14","612030","013622","200","12","717.76"
"010011","2021-01-15","603165","013622","200","480","24912"
"010011","2021-01-16","612030","013622","200","24","1435.51"
"010011","2021-01-18","115016","013622","200","3360","186816"
"010011","2021-01-19","612030","013622","200","6","476.64"
"010011","2021-01-20","612030","013622","200","6","401.16"
"010011","2021-01-20","619433","013622","200","1","74.12"
"010011","2021-01-21","612030","013622","200","12","897.2"
"010011","2021-01-22","601001","013622","200","120","6000"
"010011","2021-01-22","603165","013622","200","240","12456"
"010011","2021-01-22","612030","013622","200","12","897.2"
"010011","2021-01-22","619433","013622","200","2","139.57"
"010011","2021-01-27","603165","013622","200","480","24912"
"010011","2021-01-27","612030","013622","200","36","2601.87"
"010011","2021-01-28","603165","013622","200","480","24912"
"010011","2021-02-01","612030","013622","200","12","767.1"
"010011","2021-02-02","603165","013622","200","360","18684"
"010011","2021-02-02","619433","013622","200","10","525.23"
"010011","2021-02-03","619433","013622","200","12","663.55"
"010011","2021-02-04","619433","013622","200","16","1154.35"
"010011","2021-02-08","603165","013622","200","360","18684"
"010011","2021-02-11","603165","013622","200","240","12456"
"010011","2021-02-12","612030","013622","200","48","2934.58"
"010011","2021-02-15","601001","013622","200","120","6000"
"010011","2021-02-15","619433","013622","200","12","693.46"
"010011","2021-02-16","619433","013622","200","30","1877.42"
"010011","2021-02-18","603165","013622","200","240","12456"
"010011","2021-02-18","619433","013622","200","25","1506.9"
"010011","2021-02-19","601001","013622","200","120","6000"
"010011","2021-02-19","603165","013622","200","720","37368"
"010011","2021-03-01","601001","013622","200","120","6000"
"010011","2021-03-01","612030","013622","200","24","1704.67"
"010011","2021-03-03","612030","013622","200","24","1111.29"
"010011","2021-03-04","115016","013622","200","1944","108086.4"
"010011","2021-03-04","612030","013622","200","12","595.14"
"010011","2021-03-05","619433","013622","200","24","971.96"
"010011","2021-03-06","612030","013622","200","12","565.31"
"010011","2021-03-06","619433","013622","200","7","449.71000000000004"
"010011","2021-03-09","603165","013622","200","360","18684"
"010011","2021-03-10","619433","013622","200","1","79.44"
"010011","2021-03-12","603165","013622","200","648","33631.2"
"010011","2021-03-12","612030","013622","200","12","745.61"
"010011","2021-03-12","619433","013622","200","12","726.18"
"010011","2021-03-13","115016","013622","200","2232","124099.2"
"010011","2021-03-13","619433","013622","200","2","134.96"
"010011","2021-03-16","619433","013622","200","2","130.84"
"010011","2021-03-18","603165","013622","200","480","24912"
"010011","2021-03-20","619433","013622","200","2","128.62"
"010011","2021-03-22","603165","013622","200","480","24912"
"010011","2021-03-25","601001","013622","200","120","6000"
"010011","2021-03-25","619433","013622","200","12","733.65"
"010011","2021-03-26","612030","013622","200","12","897.2"
"010011","2021-03-26","619433","013622","200","6","385.98"
"010011","2021-03-30","115016","013622","200","1536","85401.6"
"010011","2021-03-30","603165","013622","200","240","12456"
"010011","2021-03-30","619433","013622","200","5","324.53"
"010011","2021-03-31","612030","013622","200","12","557.95"
"010011","2021-04-03","601001","013622","200","120","6000"
"010011","2021-04-04","619433","013622","200","5","345.79999999999995"
"010011","2021-04-06","603165","013622","200","240","12456"
"010011","2021-04-07","619433","013622","200","2","158.88"
"010011","2021-04-08","612030","013622","200","12","766.17"
"010011","2021-04-10","601001","013622","200","120","6000"
"010011","2021-04-19","603165","013622","200","240","12456"
"010011","2021-04-20","619433","013622","200","13","739.5899999999999"
"010011","2021-04-22","612030","013622","200","24","1525.23"
"010011","2021-04-23","619433","013622","200","7","491.98"
"010011","2021-04-24","603165","013622","200","72","3736.8"
"010011","2021-04-24","619433","013622","200","2","158.88"
"010011","2021-04-28","603165","013622","200","72","3736.8"
"010011","2021-04-28","612030","013622","200","12","742.71"
"010011","2021-04-29","115016","013622","200","1896","105417.6"
"010011","2021-04-29","612030","013622","200","1","79.44"
"010011","2021-04-29","619433","013622","200","2","142.99"
"010011","2021-05-07","612030","013622","200","3","111.72"
"010011","2021-05-09","612030","013622","200","4","292.52"
"010011","2021-05-12","612030","013622","200","3","238.32"
"010011","2021-05-13","612030","013622","200","36","2359.81"
"010011","2021-05-15","115016","013622","200","2712","150787.2"
"010011","2021-05-15","612030","013622","200","18","1422.9"
"010011","2021-05-17","612030","013622","200","2","150.78"
"010011","2021-05-19","612030","013622","200","2","103.68"
"010011","2021-05-20","612030","013622","200","13","785.96"
"010011","2021-05-24","619433","013622","200","1","62.21"
"010011","2021-05-25","603165","013622","200","120","6228"
"010011","2021-05-27","612030","013622","200","12","767.1"
"010011","2021-05-28","115016","013622","200","1248","69388.8"
"010011","2021-05-29","619433","013622","200","2","134.58"
"010011","2021-05-30","619433","013622","200","1","79.44"
"010011","2021-05-31","612030","013622","200","1","79.44"
"010011","2021-06-01","619433","013622","200","12","685.98"
"010011","2021-06-03","619433","013622","200","1","79.44"
"010011","2021-06-04","619433","013622","200","7","556.0799999999999"
"010011","2021-06-05","612030","013622","200","3","224.3"
"010011","2021-06-06","619433","013622","200","12","714.02"
"010011","2021-06-08","603165","013622","200","240","12456"
"010011","2021-06-08","612030","013622","200","18","1064.68"
"010011","2021-06-09","612030","013622","200","2","131.4"
"010011","2021-06-09","619433","013622","200","12","573.83"
"010011","2021-06-10","619433","013622","200","14","826.18"
"010011","2021-06-11","619433","013622","200","17","905.73"
"010011","2021-06-14","612030","013622","200","7","400.08"
"010011","2021-06-15","603165","013622","200","240","12456"
"010011","2021-06-15","619433","013622","200","7","456.07000000000005"
"010011","2021-06-16","619433","013622","200","2","138.32"
"010011","2021-06-18","619433","013622","200","12","642.06"
"010011","2021-06-19","601001","013622","200","168","8400"
"010011","2021-06-20","612030","013622","200","24","1794.39"
"010011","2021-06-22","603165","013622","200","240","12456"
"010011","2021-06-22","619433","013622","200","12","723.37"
"010011","2021-06-29","603165","013622","200","360","18684"
"010011","2021-06-30","612030","013622","200","24","1704.67"
"010011","2021-06-30","619433","013622","200","2","158.88"
"010011","2021-07-01","612030","013622","200","33","2175.4700000000003"
"010011","2021-07-03","612030","013622","200","12","731.78"
"010011","2021-07-08","115016","013622","200","1080","60048"
"010011","2021-07-13","603165","013622","200","240","12456"
"010011","2021-07-17","601001","013622","200","120","6000"
"010011","2021-07-17","603165","013622","200","240","12456"
"010011","2021-07-22","619433","013622","200","1","79.44"
"010011","2021-07-23","603165","013622","200","480","24912"
"010011","2021-07-26","115016","013622","200","1392","77395.2"
"010011","2021-07-30","612030","013622","200","12","825.23"
"010011","2021-08-03","619433","013622","200","3","238.32"
"010011","2021-08-04","115016","013622","200","936","52041.6"
"010011","2021-08-06","612030","013622","200","12","905.61"
"010011","2021-08-07","612030","013622","200","12","870.28"
"010011","2021-08-08","612030","013622","200","49","3202.8100000000004"
"010011","2021-08-08","619433","013622","200","18","1166.3600000000001"
"010011","2021-08-09","612030","013622","200","5","328.5"
"010011","2021-08-09","619433","013622","200","3","199.99"
"010011","2021-08-10","612030","013622","200","3","197.1"
"010011","2021-08-11","612030","013622","200","13","918.8"
"010011","2021-08-13","603165","013622","200","240","12456"
"010011","2021-08-14","603165","013622","200","120","6228"
"010011","2021-08-16","601001","013622","200","120","6000"
"010011","2021-08-16","619433","013622","200","20","1271.02"
"010011","2021-08-18","619433","013622","200","12","829.91"
"010011","2021-08-19","115016","013622","200","1368","76060.8"
"010011","2021-08-19","612030","013622","200","14","965.59"
"010011","2021-08-20","603165","013622","200","240","12456"
"010011","2021-08-21","612030","013622","200","24","1637.38"
"010011","2021-08-23","619433","013622","200","4","317.76"
"010011","2021-08-25","612030","013622","200","8","625.39"
"010011","2021-08-27","603165","013622","200","360","18684"
"010011","2021-08-27","619433","013622","200","4","261.99"
"010011","2021-08-29","619433","013622","200","7","556.0799999999999"
"010011","2021-08-30","115016","013622","200","1008","56044.8"
"010011","2021-09-01","612030","013622","200","12","825.23"
"010011","2021-09-02","612030","013622","200","24","1320.37"
"010011","2021-09-03","601001","013622","200","120","6000"
"010011","2021-09-04","619433","013622","200","1","71.03"
"010011","2021-09-06","619433","013622","200","2","120.96"
"010011","2021-09-09","603165","013622","200","120","6228"
"010011","2021-09-09","612030","013622","200","24","1448.97"
"010011","2021-09-09","619433","013622","200","25","1330.8700000000003"
"010011","2021-09-10","612030","013622","200","60","3330.08"
"010011","2021-09-11","115016","013622","200","1416","78729.6"
"010011","2021-09-12","619433","013622","200","15","942.07"
"010011","2021-09-13","619433","013622","200","1","53.5"
"010011","2021-09-15","619433","013622","200","1","63.79"
"010011","2021-09-16","619433","013622","200","4","317.76"
"010011","2021-09-18","601001","013622","200","72","3600"
"010011","2021-09-18","612030","013622","200","12","807.48"
"010011","2021-09-23","612030","013622","200","12","744.02"
"010011","2021-09-25","115016","013622","200","2400","133440"
"010011","2021-09-30","603165","013622","200","120","6228"
"010011","2021-10-01","619433","013622","200","1","79.44"
"010011","2021-10-04","612030","013622","200","24","1302.06"
"010011","2021-10-05","612030","013622","200","24","1794.39"
"010011","2021-10-06","115016","013622","200","456","25353.6"
"010011","2021-10-08","603165","013622","200","240","12456"
"010011","2021-10-08","612030","013622","200","28","1716.11"
"010011","2021-10-10","612030","013622","200","24","1487.85"
"010011","2021-10-10","619433","013622","200","12","740.19"
"010011","2021-10-11","619433","013622","200","5","316.06"
"010011","2021-10-12","619433","013622","200","14","719.32"
"010011","2021-10-14","115016","013622","200","864","48038.4"
"010011","2021-10-16","603165","013622","200","120","6228"
"010011","2021-10-16","619433","013622","200","1","61.38"
"010011","2021-10-17","619433","013622","200","12","852.34"
"010011","2021-10-18","612030","013622","200","36","2044.81"
"010011","2021-10-19","115016","013622","200","672","37363.2"
"010011","2021-10-19","619433","013622","200","5","397.2"
"010011","2021-10-20","612030","013622","200","12","649.04"
"010011","2021-10-22","603165","013622","200","120","6228"
"010011","2021-10-25","612030","013622","200","15","1088.14"
"010011","2021-10-26","115016","013622","200","600","33360"
"010011","2021-10-28","612030","013622","200","5","290.15"
"010011","2021-10-29","601001","013622","200","240","12000"
"010011","2021-10-29","612030","013622","200","2","108.96"
"010011","2021-10-31","612030","013622","200","6","426.17"
"010011","2021-11-01","603165","013622","200","120","6228"
"010011","2021-11-02","619433","013622","200","1","67.32"
"010011","2021-11-03","619433","013622","200","10","616.82"
"010011","2021-11-07","612030","013622","200","12","897.2"
"010011","2021-11-10","603165","013622","200","480","24912"
"010011","2021-11-10","619433","013622","200","2","142.06"
"010011","2021-11-11","115016","013622","200","240","13344"
"010011","2021-11-13","619433","013622","200","28","1794.4"
"010011","2021-11-14","115016","013622","200","1224","68054.4"
"010011","2021-11-15","612030","013622","200","12","807.48"
"010011","2021-11-17","619433","013622","200","12","609.94"
"010011","2021-11-20","619433","013622","200","12","609.94"
"010011","2021-11-23","612030","013622","200","12","648.73"
"010011","2021-11-26","601001","013622","200","48","2400"
"010011","2021-11-26","619433","013622","200","6","476.64"
"010011","2021-12-01","115016","013622","200","1896","105417.6"
"010011","2021-12-01","619433","013622","200","2","127.11"
"010011","2021-12-02","612030","013622","200","12","807.48"
"010011","2021-12-03","603165","013622","200","240","12456"
"010011","2021-12-07","619433","013622","200","5","340.20000000000005"
"010011","2021-12-11","601001","013622","200","120","6000"
"010011","2021-12-12","619433","013622","200","19","1194.4"
"010011","2021-12-13","612030","013622","200","12","706.73"
"010011","2021-12-13","619433","013622","200","2","100.77"
"010011","2021-12-16","115016","013622","200","1536","85401.6"
"010011","2021-12-16","612030","013622","200","1","61.61"
"010011","2021-12-20","115016","013622","200","24","1334.4"
"010011","2021-12-25","601001","013622","200","240","12000"
"010011","2021-12-27","115016","013622","200","1416","78729.6"
"010011","2021-12-30","612030","013622","200","10","529.31"
"010011","2022-01-04","619433","013622","200","6","383.18"
"010011","2022-01-06","612030","013622","200","12","658.26"
"010011","2022-01-07","619433","013622","200","12","717.76"
"010011","2022-01-09","619433","013622","200","1","79.44"
"010011","2022-01-10","115016","013622","200","1488","85872.48"
"010011","2022-01-10","619433","013622","200","6","476.64"
"010011","2022-01-14","603165","013622","200","120","6681.6"
"010011","2022-01-21","115016","013622","200","1512","87257.52"
"010011","2022-01-22","115016","013622","200","24","1385.04"
"010011","2022-01-25","619433","013622","200","12","587.43"
"010011","2022-01-26","619433","013622","200","60","3728.9700000000003"
"010011","2022-01-28","603165","013622","200","120","6681.6"
"010011","2022-01-29","115016","013622","200","3600","207756"
"010011","2022-01-30","612030","013622","200","3","213.08"
"010011","2022-02-01","619433","013622","200","2","158.88"
"010011","2022-02-02","619433","013622","200","5","307.17"
"010011","2022-02-03","612030","013622","200","1","57.65"
"010011","2022-02-03","619433","013622","200","19","1022.43"
"010011","2022-02-04","603165","013622","200","120","6681.6"
"010011","2022-02-05","619433","013622","200","15","1012.15"
"010011","2022-02-07","619433","013622","200","6","404.84"
"010011","2022-02-09","601001","013622","200","48","2400"
"010011","2022-02-10","612030","013622","200","6","371.59"
"010011","2022-02-10","619433","013622","200","24","1620.56"
"010011","2022-02-14","612030","013622","200","36","1907.49"
"010011","2022-02-14","619433","013622","200","12","685.73"
"010011","2022-02-15","619433","013622","200","24","1345.1799999999998"
"010011","2022-02-16","619433","013622","200","12","601.87"
"010011","2022-02-18","601001","013622","200","24","1200"
"010011","2022-02-20","619433","013622","200","5","355.14"
"010011","2022-02-23","603165","013622","200","240","13363.2"
"010011","2022-02-24","115016","013622","200","936","54016.56"
"010011","2022-02-25","619433","013622","200","12","724.3"
"010011","2022-02-26","619433","013622","200","12","615.38"
"010011","2022-02-28","115016","013622","200","840","48476.4"
"010011","2022-03-01","601001","013622","200","816","40800"
"010011","2022-03-02","603165","013622","200","120","6681.6"
"010011","2022-03-03","603165","013622","200","360","20044.8"
"010011","2022-03-03","612030","013622","200","24","1264.67"
"010011","2022-03-04","612030","013622","200","36","2082.25"
"010011","2022-03-05","115016","013622","200","120","6925.2"
"010011","2022-03-05","612030","013622","200","14","602.59"
"010011","2022-03-05","619433","013622","200","25","1639.26"
"010011","2022-03-08","619433","013622","200","12","723.65"
"010011","2022-03-09","619433","013622","200","24","1435.38"
"010011","2022-03-10","612030","013622","200","12","631.03"
"010011","2022-03-11","619433","013622","200","5","341.13"
"010011","2022-03-12","612030","013622","200","12","422.68"
"010011","2022-03-15","619433","013622","200","6","347.67"
"010011","2022-03-16","115016","013622","200","888","51246.48"
"010011","2022-03-16","619433","013622","200","12","605.61"
"010011","2022-03-18","619433","013622","200","4","273.32"
"010011","2022-03-19","601001","013622","200","120","6000"
"010011","2022-03-21","115016","013622","200","840","48476.4"
"010011","2022-03-21","612030","013622","200","12","767.1"
"010011","2022-03-21","619433","013622","200","3","202.42"
"010011","2022-03-22","612030","013622","200","12","767.1"
"010011","2022-03-24","619433","013622","200","5","379.57"
"010011","2022-03-28","612030","013622","200","36","1703.66"
"010011","2022-03-28","619433","013622","200","24","1261.69"
"010011","2022-03-29","612030","013622","200","14","675.4599999999999"
"010011","2022-03-30","603165","013622","200","24","1336.32"
"010011","2022-03-30","612030","013622","200","1","51.68"
"010011","2022-03-31","115016","013622","200","1032","59556.72"
"010011","2022-03-31","612030","013622","200","24","1334.58"
"010011","2022-03-31","619433","013622","200","32","2012.3899999999999"
"010011","2022-04-01","619433","013622","200","26","1953.2800000000002"
"010011","2022-04-02","612030","013622","200","3","202.25"
"010011","2022-04-02","619433","013622","200","6","381.31"
"010011","2022-04-03","612030","013622","200","3","206.69"
"010011","2022-04-03","619433","013622","200","3","214.4"
"010011","2022-04-05","619433","013622","200","15","813.08"
"010011","2022-04-06","612030","013622","200","24","1279.91"
"010011","2022-04-07","115016","013622","200","1272","73407.12"
"010011","2022-04-11","612030","013622","200","3","171.7"
"010011","2022-04-20","612030","013622","200","12","678.86"
"010011","2022-04-20","619433","013622","200","14","897.2"
"010011","2022-04-21","603165","013622","200","120","6681.6"
"010011","2022-04-21","619433","013622","200","12","645.84"
"010011","2022-04-22","115016","013622","200","1416","81717.36"
"010011","2022-04-23","619433","013622","200","12","686.26"
"010011","2022-04-26","619433","013622","200","2","135.52"
"010011","2022-04-27","612030","013622","200","10","525.63"
"010011","2022-04-29","612030","013622","200","12","937.38"
"010011","2022-05-03","601001","013622","200","360","18000"
"010011","2022-05-03","603165","013622","200","120","6681.6"
"010011","2022-05-09","115016","013622","200","960","55401.6"
"010011","2022-05-09","603165","013622","200","120","6681.6"
"010011","2022-05-09","619433","013622","200","24","1276.64"
"010011","2022-05-16","603165","013622","200","240","13363.2"
"010011","2022-05-18","619433","013622","200","12","762.62"
"010011","2022-05-19","612030","013622","200","12","712.52"
"010011","2022-05-20","603165","013622","200","120","6681.6"
"010011","2022-05-21","601001","013622","200","120","6000"
"010011","2022-05-25","603165","013622","200","120","6681.6"
"010011","2022-05-28","612030","013622","200","12","776.36"
"010011","2022-05-28","619433","013622","200","12","796.26"
"010011","2022-05-30","115016","013622","200","1776","102492.96"
"010011","2022-05-30","612030","013622","200","1","63.33"
"010011","2022-06-06","603165","013622","200","120","6681.6"
"010011","2022-06-07","612030","013622","200","7","364.95000000000005"
"010011","2022-06-08","619433","013622","200","2","142.06"
"010011","2022-06-11","619433","013622","200","1","34.45"
"010011","2022-06-14","115016","013622","200","1488","85872.48"
"010011","2022-06-15","619433","013622","200","6","414.95"
"010011","2022-06-16","619433","013622","200","12","597.2"
"010011","2022-06-21","612030","013622","200","12","757.06"
"010011","2022-06-24","115016","013622","200","1536","88642.56"
"010011","2022-06-24","619433","013622","200","12","796.26"
"010011","2022-06-30","603165","013622","200","120","6681.6"
"010011","2022-07-02","115016","013622","200","1680","96952.8"
"010011","2022-07-08","603165","013622","200","120","6681.6"
"010011","2022-07-26","603165","013622","200","240","13363.2"
"010011","2022-07-27","115016","013622","200","3744","216066.24"
"010011","2022-08-10","603165","013622","200","120","6681.6"
"010011","2022-08-13","601001","013622","200","120","6000"
"010011","2022-08-20","601001","013622","200","120","6000"
"010011","2022-08-24","603165","013622","200","240","13363.2"
"010011","2022-08-31","603165","013622","200","240","13363.2"
"010011","2022-09-01","115016","013622","200","2160","124653.6"
"010011","2022-09-08","115016","013622","200","2760","159279.6"
"010011","2022-09-09","601001","013622","200","72","3600"
"010011","2022-09-24","603165","013622","200","240","12962.4"
"010011","2022-09-30","601001","013622","200","72","3600"
"010011","2022-09-30","603165","013622","200","120","6481.2"
"010011","2022-10-07","115016","013622","200","1032","59556.72"
"010011","2022-10-07","603165","013622","200","120","7560"
"010011","2022-10-14","115016","013622","200","744","42936.24"
"010011","2022-10-14","601001","013622","200","120","6000"
"010011","2022-10-18","603165","013622","200","240","15120"
"010011","2022-10-26","603165","013622","200","240","13363.2"
"010011","2022-10-28","115016","013622","200","1224","70637.04"
"010011","2022-10-29","603165","013622","200","120","6681.6"
